{
    "info": {
        "name": "Microu",
        "nickname": "Michleu",
        "other": "",
        "gender": "\u2640",
        "ball": "hyperball"
    },
    "leveling": {
        "level": 5,
        "xp": 0,
        "type": "fast"
    },
    "fight": {
        "ability": "Brise-Moule",
        "attacks": [
            "Boul'Armure",
            "Griffe",
            "Affutage"
        ],
        "stats": {
            "pv": 78,
            "atk": 43,
            "atkspe": 38,
            "def": 73,
            "defspe": 67,
            "spe": 33
        }
    }
}