{
    "info": {
        "name": "Messange",
        "nickname": "",
        "other": "",
        "gender": "\u2640"
    },
    "leveling": {
        "level": 4,
        "xp": 0,
        "type": "simple"
    },
    "fight": {
        "ability": "Turbo",
        "attacks": [
            ""
        ],
        "stats": {
            "pv": 41,
            "atk": 52,
            "atkspe": 41,
            "def": 40,
            "defspe": 51,
            "spe": 26
        }
    }
}