{
    "info": {
        "name": "Microu",
        "nickname": "",
        "other": "",
        "gender": "\u2640"
    },
    "leveling": {
        "level": 3,
        "xp": 0,
        "type": "fast"
    },
    "fight": {
        "ability": "Brise-Moule",
        "attacks": [
            "Affutage",
            "Griffe"
        ],
        "stats": {
            "pv": 74,
            "atk": 39,
            "atkspe": 34,
            "def": 69,
            "defspe": 63,
            "spe": 29
        }
    }
}