{
    "info": {
        "name": "Zarpent",
        "nickname": "Robert",
        "other": "",
        "gender": "",
        "ball": "pokeball"
    },
    "leveling": {
        "level": 8,
        "xp": 252,
        "type": "simple"
    },
    "fight": {
        "ability": "Paratonerre",
        "attacks": [
            "Cage Eclair",
            "Jet de Sable",
            "Eclair",
            "Etreinte"
        ],
        "stats": {
            "pv": 44,
            "atk": 64,
            "atkspe": 74,
            "def": 44,
            "defspe": 54,
            "spe": 94
        }
    }
}